{
  "ambient.cave": {
    "replace": false,
    "sounds": [
      { "name": "caves/v1", "volume": 0.8, "stream": false },
      { "name": "caves/v2", "volume": 1.0, "stream": false },
      { "name": "caves/v3", "volume": 1.0, "stream": false },
      { "name": "caves/v4", "volume": 0.9, "stream": false },
      { "name": "caves/v5", "volume": 1.0, "stream": false },
      { "name": "caves/v6", "volume": 0.8, "stream": false },
      { "name": "caves/n1", "volume": 0.8, "stream": false },
      { "name": "caves/n2", "volume": 0.8, "stream": false },
      { "name": "caves/n3", "volume": 1.0, "stream": false },
      { "name": "caves/n4", "volume": 1.0, "stream": false },
      { "name": "caves/n5", "volume": 0.9, "stream": false },
      { "name": "caves/n6", "volume": 0.9, "stream": false },
      { "name": "caves/n7", "volume": 1.0, "stream": false },
      { "name": "caves/n8", "volume": 0.8, "stream": true },
      { "name": "caves/n9", "volume": 0.8, "stream": false },
      { "name": "caves/n10", "volume": 0.8, "stream": false },
      { "name": "caves/n11", "volume": 1.0, "stream": false },
      { "name": "caves/n12", "volume": 0.9, "stream": false },
      { "name": "caves/n13", "volume": 0.9, "stream": false },
      { "name": "caves/n14", "volume": 0.8, "stream": false },
      { "name": "caves/n15", "volume": 0.8, "stream": false },
      { "name": "caves/n16", "volume": 1.0, "stream": false },
      { "name": "caves/a1", "volume": 0.8, "stream": false },
      { "name": "caves/a2", "volume": 0.7, "stream": false },
      { "name": "caves/a3", "volume": 0.7, "stream": false },
      { "name": "caves/a4", "volume": 0.6, "stream": false },
      { "name": "caves/a5", "volume": 0.8, "stream": false },
      { "name": "caves/a6", "volume": 0.8, "stream": false },
      { "name": "caves/a7", "volume": 0.8, "stream": false },
      { "name": "caves/a8", "volume": 0.8, "stream": false },
      { "name": "caves/a9", "volume": 0.9, "stream": false },
      { "name": "caves/a10", "volume": 0.7, "stream": false },
      { "name": "caves/a11", "volume": 0.8, "stream": false },
      { "name": "caves/a12", "volume": 0.8, "stream": false },
      { "name": "caves/a13", "volume": 0.7, "stream": false },
      { "name": "caves/a14", "volume": 0.7, "stream": false },
      { "name": "caves/a15", "volume": 0.7, "stream": false },
      { "name": "caves/a16", "volume": 0.9, "stream": false },
      { "name": "caves/a17", "volume": 0.7, "stream": true },
      { "name": "caves/a18", "volume": 0.8, "stream": false },
      { "name": "caves/a19", "volume": 0.8, "stream": false },
      { "name": "caves/a20", "volume": 0.9, "stream": true },
      { "name": "caves/a21", "volume": 0.8, "stream": false },
      { "name": "caves/a22", "volume": 0.8, "stream": false },
      { "name": "caves/a23", "volume": 0.7, "stream": false },
      { "name": "caves/a24", "volume": 0.7, "stream": true },
      { "name": "caves/a25", "volume": 0.8, "stream": false },
      { "name": "caves/a26", "volume": 0.9, "stream": false },
      { "name": "ambient/cave/cave1", "stream": true },
      { "name": "ambient/cave/cave2", "stream": true }
    ]
  }
}