{
	"credit": "zanderest",
	"textures": {
		"particle": "#block"
	},
	"elements": [
		{
			"name": "block",
			"from": [0, 0, 0],
			"to": [16, 16, 16],
			"faces": {
				"east": {"uv": [0, 0, 16, 16], "texture": "#block", "cullface": "east", "tintindex": 0},
				"south": {"uv": [0, 0, 16, 16], "texture": "#block", "cullface": "south", "tintindex": 0},
				"west": {"uv": [0, 0, 16, 16], "texture": "#block", "cullface": "west", "tintindex": 0},
				"up": {"uv": [0, 0, 16, 16], "texture": "#block", "cullface": "up", "tintindex": 0},
				"down": {"uv": [0, 0, 16, 16], "texture": "#block", "cullface": "down", "tintindex": 0}
			}
		},
		{
			"name": "canopy",
			"from": [-3, -4, 2.2845],
			"to": [19, 20, 10.2845],
			"rotation": {"angle": 22.5, "axis": "x", "origin": [8, 20, 10.2845], "rescale": true},
			"faces": {
				"north": {"uv": [2.5, 0, 13.5, 12], "rotation": 180, "texture": "#canopy", "cullface": "north", "tintindex": 0},
				"east": {"uv": [2, 12, 14, 16], "rotation": 90, "texture": "#canopy", "cullface": "north", "tintindex": 0},
				"south": {"uv": [2.5, 0, 13.5, 12], "texture": "#canopy", "cullface": "north", "tintindex": 0},
				"west": {"uv": [2, 12, 14, 16], "rotation": 270, "texture": "#canopy", "cullface": "north", "tintindex": 0},
				"up": {"uv": [2.5, 4, 13.5, 8], "texture": "#canopy", "cullface": "north", "tintindex": 0},
				"down": {"uv": [2.5, 4, 13.5, 8], "rotation": 180, "texture": "#canopy", "cullface": "north", "tintindex": 0}
			}
		}
	]
}