{
	"variants": {
		"": [
			{
				"model": "biomesoplenty:block/magic_leaves",
				"weight": 8
			},
			{
				"model": "biomesoplenty:block/magic_leaves_1",
				"weight": 1
			},
			{
				"model": "biomesoplenty:block/magic_leaves_1",
				"y": 90,
				"weight": 1
			},
			{
				"model": "biomesoplenty:block/magic_leaves_1",
				"y": 180,
				"weight": 1
			},
			{
				"model": "biomesoplenty:block/magic_leaves_1",
				"y": 270,
				"weight": 1
			},
			{
				"model": "biomesoplenty:block/magic_leaves_2",
				"weight": 1
			},
			{
				"model": "biomesoplenty:block/magic_leaves_2",
				"y": 90,
				"weight": 1
			},
			{
				"model": "biomesoplenty:block/magic_leaves_2",
				"y": 180,
				"weight": 1
			},
			{
				"model": "biomesoplenty:block/magic_leaves_2",
				"y": 270,
				"weight": 1
			}
		]
	}
}