{
	"credit": "Made with Blockbench",
	"textures": {
		"1": "block/large_fern_bottom",
		"2": "block/large_fern_stem",
		"particle": "block/large_fern_bottom",
		"layer0": "block/large_fern_top"
	},
	"elements": [
		{
			"from": [8.5, -0.25, 0.05],
			"to": [8.5, 14.53, 15.95],
			"shade": false,
			"rotation": {"angle": 22.5, "axis": "z", "origin": [8, 1.25, 8], "rescale": true},
			"faces": {
				"east": {"uv": [0, 0, 16, 16], "texture": "#1", "tintindex": 0},
				"west": {"uv": [0, 0, 16, 16], "texture": "#1", "tintindex": 0}
			}
		},
		{
			"from": [7.5, -0.25, 0.05],
			"to": [7.5, 14.53, 15.95],
			"shade": false,
			"rotation": {"angle": -22.5, "axis": "z", "origin": [8, 1.25, 8], "rescale": true},
			"faces": {
				"east": {"uv": [0, 0, 16, 16], "texture": "#1", "tintindex": 0},
				"west": {"uv": [0, 0, 16, 16], "texture": "#1", "tintindex": 0}
			}
		},
		{
			"from": [0.05, -0.25, 7.5],
			"to": [15.95, 14.53, 7.5],
			"shade": false,
			"rotation": {"angle": 22.5, "axis": "x", "origin": [8, 1.25, 8], "rescale": true},
			"faces": {
				"north": {"uv": [0, 0, 16, 16], "texture": "#1", "tintindex": 0},
				"south": {"uv": [0, 0, 16, 16], "texture": "#1", "tintindex": 0}
			}
		},
		{
			"from": [0.05, -0.25, 8.5],
			"to": [15.95, 14.53, 8.5],
			"shade": false,
			"rotation": {"angle": -22.5, "axis": "x", "origin": [8, 1.25, 8], "rescale": true},
			"faces": {
				"north": {"uv": [0, 0, 16, 16], "texture": "#1", "tintindex": 0},
				"south": {"uv": [0, 0, 16, 16], "texture": "#1", "tintindex": 0}
			}
		},
		{
			"from": [0, 0, 8],
			"to": [16, 16, 8],
			"shade": false,
			"rotation": {"angle": 45, "axis": "y", "origin": [8, 0, 8]},
			"faces": {
				"north": {"uv": [0, 0, 16, 16], "texture": "#2", "tintindex": 0},
				"east": {"uv": [0, 0, 0, 16], "texture": "#2", "tintindex": 0},
				"south": {"uv": [0, 0, 16, 16], "texture": "#2", "tintindex": 0},
				"west": {"uv": [0, 0, 0, 16], "texture": "#2", "tintindex": 0},
				"up": {"uv": [0, 0, 0, 16], "rotation": 90, "texture": "#2", "tintindex": 0},
				"down": {"uv": [0, 0, 0, 16], "rotation": 270, "texture": "#2", "tintindex": 0}
			}
		},
		{
			"from": [8, 0, 0],
			"to": [8, 16, 16],
			"shade": false,
			"rotation": {"angle": 45, "axis": "y", "origin": [8, 0, 8]},
			"faces": {
				"north": {"uv": [0, 0, 0, 16], "texture": "#2", "tintindex": 0},
				"east": {"uv": [0, 0, 16, 16], "texture": "#2", "tintindex": 0},
				"south": {"uv": [0, 0, 0, 16], "texture": "#2", "tintindex": 0},
				"west": {"uv": [0, 0, 16, 16], "texture": "#2", "tintindex": 0},
				"up": {"uv": [0, 0, 0, 16], "rotation": 180, "texture": "#2", "tintindex": 0},
				"down": {"uv": [0, 0, 0, 16], "rotation": 180, "texture": "#2", "tintindex": 0}
			}
		},
		{
			"from": [0.05, 14.51101, 13.62033],
			"to": [15.95, 29.29101, 13.62033],
			"shade": false,
			"rotation": {"angle": 22.5, "axis": "x", "origin": [8, 16, 14.125], "rescale": true},
			"faces": {
				"north": {"uv": [0, 0, 16, 16], "texture": "#layer0", "tintindex": 0},
				"south": {"uv": [0, 0, 16, 16], "texture": "#layer0", "tintindex": 0}
			}
		},
		{
			"from": [0.05, 14.51101, 2.37967],
			"to": [15.95, 29.29101, 2.37967],
			"shade": false,
			"rotation": {"angle": -22.5, "axis": "x", "origin": [8, 16, 1.875], "rescale": true},
			"faces": {
				"north": {"uv": [0, 0, 16, 16], "texture": "#layer0", "tintindex": 0},
				"south": {"uv": [0, 0, 16, 16], "texture": "#layer0", "tintindex": 0}
			}
		},
		{
			"from": [2.37967, 14.51101, 0.05],
			"to": [2.37967, 29.29101, 15.95],
			"shade": false,
			"rotation": {"angle": 22.5, "axis": "z", "origin": [1.875, 16, 8], "rescale": true},
			"faces": {
				"east": {"uv": [0, 0, 16, 16], "texture": "#layer0", "tintindex": 0},
				"west": {"uv": [0, 0, 16, 16], "texture": "#layer0", "tintindex": 0}
			}
		},
		{
			"from": [13.62033, 14.51101, 0.05],
			"to": [13.62033, 29.29101, 15.95],
			"shade": false,
			"rotation": {"angle": -22.5, "axis": "z", "origin": [14.125, 16, 8], "rescale": true},
			"faces": {
				"east": {"uv": [0, 0, 16, 16], "texture": "#layer0", "tintindex": 0},
				"west": {"uv": [0, 0, 16, 16], "texture": "#layer0", "tintindex": 0}
			}
		}
	],
	"gui_light": "front",
	"display": {
		"thirdperson_righthand": {
			"rotation": [75, 45, 0],
			"translation": [0, 2.5, 0],
			"scale": [0.375, 0.375, 0.375]
		},
		"thirdperson_lefthand": {
			"rotation": [75, 45, 0],
			"translation": [0, 2.5, 0],
			"scale": [0.375, 0.375, 0.375]
		},
		"firstperson_righthand": {
			"rotation": [0, 45, 0],
			"scale": [0.4, 0.4, 0.4]
		},
		"firstperson_lefthand": {
			"rotation": [0, 225, 0],
			"scale": [0.4, 0.4, 0.4]
		},
		"ground": {
			"translation": [0, 3, 0],
			"scale": [0.25, 0.25, 0.25]
		},
		"gui": {
			"rotation": [30, 225, 0],
			"translation": [0, -3.88, 0],
			"scale": [0.58, 0.58, 0.58]
		},
		"fixed": {
			"translation": [0, -2.5, 0],
			"scale": [0.5, 0.5, 0.5]
		}
	}
}