{
	"credit": "Made with Blockbench",
	"ambientocclusion": false,
	"textures": {
		"particle": "block/fern",
		"texture": "block/fern"
	},
	"elements": [
		{
			"from": [7, 0, 0],
			"to": [7, 18, 16],
			"shade": false,
			"rotation": {"angle": -45, "axis": "z", "origin": [7, 0, 8]},
			"faces": {
				"north": {"uv": [0, 0, 0, 16], "texture": "#texture", "tintindex": 0},
				"east": {"uv": [0, 0, 16, 16], "texture": "#texture", "tintindex": 0},
				"south": {"uv": [0, 0, 0, 16], "texture": "#texture", "tintindex": 0},
				"west": {"uv": [0, 0, 16, 16], "texture": "#texture", "tintindex": 0},
				"up": {"uv": [0, 0, 0, 16], "texture": "#texture", "tintindex": 0},
				"down": {"uv": [0, 0, 0, 16], "texture": "#texture", "tintindex": 0}
			}
		},
		{
			"from": [9, 0, 0],
			"to": [9, 18, 16],
			"shade": false,
			"rotation": {"angle": 45, "axis": "z", "origin": [9, 0, 8]},
			"faces": {
				"north": {"uv": [0, 0, 0, 16], "texture": "#texture", "tintindex": 0},
				"east": {"uv": [0, 0, 16, 16], "texture": "#texture", "tintindex": 0},
				"south": {"uv": [0, 0, 0, 16], "texture": "#texture", "tintindex": 0},
				"west": {"uv": [0, 0, 16, 16], "texture": "#texture", "tintindex": 0},
				"up": {"uv": [0, 0, 0, 16], "texture": "#texture", "tintindex": 0},
				"down": {"uv": [0, 0, 0, 16], "texture": "#texture", "tintindex": 0}
			}
		},
		{
			"from": [0, 0, 9],
			"to": [16, 18, 9],
			"shade": false,
			"rotation": {"angle": -45, "axis": "x", "origin": [7, 0, 9]},
			"faces": {
				"north": {"uv": [0, 0, 16, 16], "texture": "#texture", "tintindex": 0},
				"east": {"uv": [0, 0, 0, 16], "texture": "#texture", "tintindex": 0},
				"south": {"uv": [0, 0, 16, 16], "texture": "#texture", "tintindex": 0},
				"west": {"uv": [0, 0, 0, 16], "texture": "#texture", "tintindex": 0},
				"up": {"uv": [0, 0, 16, 0], "texture": "#texture", "tintindex": 0},
				"down": {"uv": [0, 0, 16, 0], "texture": "#texture", "tintindex": 0}
			}
		},
		{
			"from": [0, 0, 7],
			"to": [16, 18, 7],
			"shade": false,
			"rotation": {"angle": 45, "axis": "x", "origin": [7, 0, 7]},
			"faces": {
				"north": {"uv": [0, 0, 16, 16], "texture": "#texture", "tintindex": 0},
				"east": {"uv": [0, 0, 0, 16], "texture": "#texture", "tintindex": 0},
				"south": {"uv": [0, 0, 16, 16], "texture": "#texture", "tintindex": 0},
				"west": {"uv": [0, 0, 0, 16], "texture": "#texture", "tintindex": 0},
				"up": {"uv": [0, 0, 16, 0], "texture": "#texture", "tintindex": 0},
				"down": {"uv": [0, 0, 16, 0], "texture": "#texture", "tintindex": 0}
			}
		}
	],
	"display": {
		"thirdperson_righthand": {
			"rotation": [75, 45, 0],
			"translation": [0, 2.5, 0],
			"scale": [0.375, 0.375, 0.375]
		},
		"thirdperson_lefthand": {
			"rotation": [75, 45, 0],
			"translation": [0, 2.5, 0],
			"scale": [0.375, 0.375, 0.375]
		},
		"firstperson_righthand": {
			"rotation": [0, 45, 0],
			"scale": [0.4, 0.4, 0.4]
		},
		"firstperson_lefthand": {
			"rotation": [0, 225, 0],
			"scale": [0.4, 0.4, 0.4]
		},
		"ground": {
			"translation": [0, 3, 0],
			"scale": [0.25, 0.25, 0.25]
		},
		"gui": {
			"rotation": [30, 225, 0],
			"scale": [0.625, 0.625, 0.625]
		},
		"fixed": {
			"scale": [0.5, 0.5, 0.5]
		}
	}
}