{
	"credit": "Made with Blockbench",
	"parent": "block/block",
	"textures": {
		"5": "block/more_shorter_grass",
		"particle": "block/dirt",
		"bottom": "block/dirt",
		"top": "block/grass_block_top",
		"side": "block/grass_block_side",
		"overlay": "block/grass_block_side_overlay"
	},
	"elements": [
		{
			"from": [0, 0, 0],
			"to": [16, 16, 16],
			"faces": {
				"north": {"uv": [0, 0, 16, 16], "texture": "#side", "cullface": "north"},
				"east": {"uv": [0, 0, 16, 16], "texture": "#side", "cullface": "east"},
				"south": {"uv": [0, 0, 16, 16], "texture": "#side", "cullface": "south"},
				"west": {"uv": [0, 0, 16, 16], "texture": "#side", "cullface": "west"},
				"up": {"uv": [0, 0, 16, 16], "texture": "#top", "cullface": "up", "tintindex": 0},
				"down": {"uv": [0, 0, 16, 16], "texture": "#bottom", "cullface": "down"}
			}
		},
		{
			"from": [0, 0, 0],
			"to": [16, 16, 16],
			"faces": {
				"north": {"uv": [0, 0, 16, 16], "texture": "#overlay", "cullface": "north", "tintindex": 0},
				"east": {"uv": [0, 0, 16, 16], "texture": "#overlay", "cullface": "east", "tintindex": 0},
				"south": {"uv": [0, 0, 16, 16], "texture": "#overlay", "cullface": "south", "tintindex": 0},
				"west": {"uv": [0, 0, 16, 16], "texture": "#overlay", "cullface": "west", "tintindex": 0}
			}
		},
		{
			"from": [-0.75, 16, 11.75],
			"to": [15.25, 22, 11.75],
			"shade": false,
			"rotation": {"angle": -45, "axis": "y", "origin": [7, 16, 9]},
			"faces": {
				"north": {"uv": [0, 10, 16, 16], "texture": "#5", "cullface": "up", "tintindex": 0},
				"south": {"uv": [0, 10, 16, 16], "texture": "#5", "cullface": "up", "tintindex": 0}
			}
		},
		{
			"from": [6.25, 16, 3.33579],
			"to": [6.25, 22, 19.33579],
			"shade": false,
			"rotation": {"angle": -45, "axis": "y", "origin": [6, 16, 10]},
			"faces": {
				"east": {"uv": [0, 10, 16, 16], "texture": "#5", "cullface": "up", "tintindex": 0},
				"west": {"uv": [0, 10, 16, 16], "texture": "#5", "cullface": "up", "tintindex": 0}
			}
		}
	],
	"groups": [
		{
			"name": "group",
			"origin": [0, 0, 0],
			"color": 0,
			"children": [0, 1]
		},
		{
			"name": "group",
			"origin": [7, 16, 9],
			"color": 0,
			"children": [2]
		},
		{
			"name": "group",
			"origin": [6, 16, 10],
			"color": 0,
			"children": [3]
		}
	]
}