{
	"credit": "Made with Blockbench",
	"parent": "minecraft:block/tinted_cross",
	"textures": {
		"1": "block/large_fern_top",
		"particle": "block/large_fern_top"
	},
	"elements": [
		{
			"from": [0.05, -1.48899, 13.62033],
			"to": [15.95, 13.29101, 13.62033],
			"shade": false,
			"rotation": {"angle": 22.5, "axis": "x", "origin": [8, 0, 14.125], "rescale": true},
			"faces": {
				"north": {"uv": [0, 0, 16, 16], "texture": "#1", "tintindex": 0},
				"south": {"uv": [0, 0, 16, 16], "texture": "#1", "tintindex": 0}
			}
		},
		{
			"from": [0.05, -1.48899, 2.37967],
			"to": [15.95, 13.29101, 2.37967],
			"shade": false,
			"rotation": {"angle": -22.5, "axis": "x", "origin": [8, 0, 1.875], "rescale": true},
			"faces": {
				"north": {"uv": [0, 0, 16, 16], "texture": "#1", "tintindex": 0},
				"south": {"uv": [0, 0, 16, 16], "texture": "#1", "tintindex": 0}
			}
		},
		{
			"from": [2.37967, -1.48899, 0.05],
			"to": [2.37967, 13.29101, 15.95],
			"shade": false,
			"rotation": {"angle": 22.5, "axis": "z", "origin": [1.875, 0, 8], "rescale": true},
			"faces": {
				"east": {"uv": [0, 0, 16, 16], "texture": "#1", "tintindex": 0},
				"west": {"uv": [0, 0, 16, 16], "texture": "#1", "tintindex": 0}
			}
		},
		{
			"from": [13.62033, -1.48899, 0.05],
			"to": [13.62033, 13.29101, 15.95],
			"shade": false,
			"rotation": {"angle": -22.5, "axis": "z", "origin": [14.125, 0, 8], "rescale": true},
			"faces": {
				"east": {"uv": [0, 0, 16, 16], "texture": "#1", "tintindex": 0},
				"west": {"uv": [0, 0, 16, 16], "texture": "#1", "tintindex": 0}
			}
		}
	]
}